path,model,barrier (eV)
7-13,strategy2_half_path_combined,1.321025848388672
28-34,strategy2_half_path_combined,0.2317276000976561
21-27,strategy2_half_path_combined,0.711429595947263
7-13,strategy17_endpoints_transition_combined_one_end_point,0.5937614440917951
28-34,strategy17_endpoints_transition_combined_one_end_point,0.0722426393303695
21-27,strategy17_endpoints_transition_combined_one_end_point,0.5351867675781277
7-13,strategy14_transition_with_endpoints_path1,0.2512969970703129
28-34,strategy14_transition_with_endpoints_path1,0.0040283203125
21-27,strategy14_transition_with_endpoints_path1,0.004755833691231
7-13,strategy15_transition_with_endpoints_path3,1.2889900207519536
28-34,strategy15_transition_with_endpoints_path3,0.016995437334379
21-27,strategy15_transition_with_endpoints_path3,0.001373291015625
28-34,strategy13_transition_path3,0.0
7-13,strategy12_transition_path2,0.0
7-13,strategy3_endpoints_transition_combined,1.1067657470703098
28-34,strategy3_endpoints_transition_combined,0.1788749694824214
21-27,strategy3_endpoints_transition_combined,0.6777366486116199
7-13,strategy11_transition_path1,0.2831459045410156
28-34,strategy11_transition_path1,0.0
21-27,strategy11_transition_path1,0.1622276306152352
7-13,strategy8_half_path1,0.9081077575683596
28-34,strategy8_half_path1,0.2060699462890625
21-27,strategy8_half_path1,0.7308349609374982
7-13,strategy16_transition_with_endpoints_path3,0.0279655456542968
28-34,strategy16_transition_with_endpoints_path3,0.2522468566894531
21-27,strategy16_transition_with_endpoints_path3,0.0077036206811627
7-13,strategy4_full_path_combined_2,1.3658638000488317
28-34,strategy4_full_path_combined_2,0.2327346801757813
21-27,strategy4_full_path_combined_2,0.811424255371092
7-13,strategy9_half_path2,1.224159240722658
28-34,strategy9_half_path2,0.1615504372348654
21-27,strategy9_half_path2,0.42234708004136
7-13,strategy6_full_path2,0.9402313232421876
28-34,strategy6_full_path2,0.1740013527400736
21-27,strategy6_full_path2,0.3018074035644531
7-13,strategy5_full_path1,0.841182708740233
28-34,strategy5_full_path1,0.1521720886230469
21-27,strategy5_full_path1,0.6085128784179696
7-13,strategy7_full_path3,0.0013809204101562
28-34,strategy7_full_path3,0.2401199340820311
21-27,strategy7_full_path3,0.0027580261230468
7-13,strategy1_full_path_combined,1.3178138732910227
28-34,strategy1_full_path_combined,0.185414927005362
21-27,strategy1_full_path_combined,0.6018638610839844
7-13,strategy10_half_path3,0.0150108337402343
28-34,strategy10_half_path3,0.2460021972656249
21-27,strategy10_half_path3,0.0354983292500108
7-13,universal_mace,1.5700950622558525
28-34,universal_mace,0.2344093322753906
21-27,universal_mace,0.8735275268554723
